country,total_funding_usd_m,gdp_growth_impact,roi_gdp_per_million,efficiency_score
Rwanda,80,4.029299539315131,5.0366244241439135,0.05036624424143914
Ethiopia,220,4.0076301456123415,1.8216500661874282,0.01821650066187428
Ghana,270,1.9199182204878351,0.7110808224029019,0.007110808224029019
South Africa,300,1.4914215962764144,0.49714053209213815,0.004971405320921381
Kenya,470,2.1605077133053188,0.45968249219262103,0.00459682492192621
Nigeria,350,1.192118676354046,0.34060533610115595,0.0034060533610115597
