country,gdp_growth_change,electricity_access_change,education_spending_change,poverty_reduction,total_funding_usd_m,project_count,avg_funding_usd_m
Nigeria,1.192118676354046,17.12329984823424,0.34757922588662105,13.826441894047246,350,2,175.0
Kenya,2.1605077133053188,19.18864004358079,0.01667597278799704,13.809717321955617,470,2,235.0
Ghana,1.9199182204878351,7.633022580299965,-0.18525275084129333,14.774872932901499,270,2,135.0
Ethiopia,4.0076301456123415,17.558584083170047,-0.1625505110497496,18.7955072444033,220,1,220.0
Rwanda,4.029299539315131,12.727688827842044,0.17982698207338466,14.30841386830156,80,1,80.0
South Africa,1.4914215962764144,10.209228557192773,-0.4179476509513078,16.946029544072708,300,1,300.0
